Audi,50
Audi,60
Audi,80
Audi,90
Audi,100
Audi,200
Audi,A1 (vsi)
Audi,A1
Audi,S1
Audi,A2
Audi,A3 (vsi)
Audi,A3
Audi,A3 Cabriolet
Audi,S3
Audi,S3 Cabriolet
Audi,RS3
Audi,A4 (vsi)
Audi,A4
Audi,A4 Avant
Audi,A4 Cabriolet
Audi,A4 Allroad
Audi,S4
Audi,S4 Cabriolet
Audi,RS4
Audi,A5 (vsi)
Audi,A5
Audi,A5 Cabriolet
Audi,A5 Sportback
Audi,S5
Audi,S5 Cabriolet
Audi,S5 Sportback
Audi,RS5
Audi,RS5 Cabriolet
Audi,A6 (vsi)
Audi,A6
Audi,A6 Avant
Audi,A6 Allroad
Audi,S6
Audi,RS6
Audi,A7 (vsi)
Audi,A7
Audi,S7
Audi,RS7
Audi,A8 (vsi)
Audi,A8
Audi,S8
Audi,Coupe
Audi,Cabriolet
Audi,e-tron
Audi,e-tron GT
Audi,e-tron Sportback
Audi,Q1
Audi,Q2 (vsi)
Audi,Q2
Audi,SQ2
Audi,Q3 (vsi)
Audi,Q3
Audi,Q3 Sportback
Audi,RS Q3
Audi,RS Q3 Sportback
Audi,Q4 (vsi)
Audi,Q4 e-tron
Audi,Q4 Sportback e-tron
Audi,Q5 (vsi)
Audi,Q5
Audi,Q5 Sportback
Audi,SQ5
Audi,Q7 (vsi)
Audi,Q7
Audi,SQ7
Audi,Q8 (vsi)
Audi,Q8
Audi,SQ8
Audi,RS Q8
Audi,Q8 e-tron (vsi)
Audi,Q8 e-tron
Audi,Q8 e-tron Sportback
Audi,R8
Audi,RS2
Audi,S2
Audi,TT (vsi)
Audi,TT
Audi,TTS
Audi,TT RS
Audi,V8
Audi,modela ni na seznamu
BMW,1802
BMW,2002
BMW,i3
BMW,i4
BMW,i5
BMW,i7
BMW,i8
BMW,iX
BMW,iX1
BMW,iX3
BMW,M1
BMW,Serija 1 (vsi)
BMW,serija 1:
BMW,serija 1 Coupe:
BMW,serija 1 Cabrio:
BMW,1M Coupe
BMW,Serija 2 (vsi)
BMW,serija 2:
BMW,serija 2 Coupe:
BMW,serija 2 Cabrio:
BMW,serija 2 Active Tourer:
BMW,serija 2 Gran Tourer:
BMW,serija 2 Gran Coupe:
BMW,M2
BMW,Serija 3 (vsi)
BMW,serija 3:
BMW,serija 3 Touring:
BMW,serija 3 Compact:
BMW,serija 3 Coupe:
BMW,serija 3 Cabrio:
BMW,serija 3 Gran Turismo:
BMW,M3
BMW,Serija 4 (vsi)
BMW,serija 4 Coupe:
BMW,serija 4 Cabrio:
BMW,serija 4 Gran Coupe:
BMW,M4
BMW,Serija 5 (vsi)
BMW,serija 5
BMW,serija 5 Touring
BMW,serija 5 Gran Turismo
BMW,M5
BMW,Serija 6 (vsi)
BMW,serija 6 Coupe
BMW,serija 6 Cabrio
BMW,serija 6 Gran Turismo
BMW,serija 6 Gran Coupe
BMW,M6
BMW,Serija 7
BMW,Serija 8 (vsi)
BMW,serija 8 Coupe
BMW,serija 8 Cabrio
BMW,serija 8 Gran Coupe
BMW,M8
BMW,Serija X1
BMW,Serija X2
BMW,Serija X3
BMW,Serija X4
BMW,Serija X5
BMW,Serija X6
BMW,Serija X7
BMW,XM
BMW,Z1
BMW,Z3
BMW,Z4
BMW,Z8
BMW,modela ni na seznamu
Citroen,2 CV
Citroen,Ami
Citroen,AX
Citroen,Berlingo
Citroen,BX
Citroen,C1
Citroen,C2
Citroen,C3
Citroen,�-C3
Citroen,C3 Aircross
Citroen,C3 Picasso
Citroen,C3 Pluriel
Citroen,C4
Citroen,C4 Aircross
Citroen,C4 Cactus
Citroen,C4 Picasso (vsi)
Citroen,C4 Picasso
Citroen,C4 Grand Picasso
Citroen,C4 SpaceTourer (vsi)
Citroen,C4 SpaceTourer
Citroen,C4 Grand SpaceTourer
Citroen,C4 X
Citroen,C5
Citroen,C5 Aircross
Citroen,C5 X
Citroen,C6
Citroen,C8
Citroen,C-Crosser
Citroen,C-Elysee
Citroen,C-Zero
Citroen,CX
Citroen,DS
Citroen,DS3
Citroen,DS4
Citroen,DS5
Citroen,Dyane
Citroen,Evasion
Citroen,GS
Citroen,GSA
Citroen,Jumpy
Citroen,LN
Citroen,Nemo
Citroen,Saxo
Citroen,SM
Citroen,SpaceTourer
Citroen,Visa
Citroen,Xantia
Citroen,XM
Ford,Aerostar
Ford,Bronco
Ford,B-Max
Ford,C-Max (vsi)
Ford,C-Max
Ford,Grand C-Max
Ford,Capri
Ford,Cougar
Ford,Ecosport
Ford,Edge
Ford,Escort
Ford,Excursion
Ford,Expedition
Ford,Explorer
Ford,F-150
Ford,Fiesta
Ford,Focus
Ford,Fusion
Ford,Galaxy
Ford,Granada
Ford,GT
Ford,Ka
Ford,Kuga
Ford,Maverick
Ford,Mondeo
Ford,Mustang
Ford,Mustang Mach-E
Ford,Orion
Ford,Probe
Ford,Puma
Ford,Ranger
Ford,S-Max
Ford,Scorpio
Ford,Sierra
Ford,StreetKa
Ford,Taunus
Ford,Taurus
Ford,Thunderbird
Ford,Tourneo
Ford,Tourneo Courier
Ford,Tourneo Connect
Ford,Tourneo Custom
Ford,Transit
Ford,Transit Custom
Ford,Windstar
Ford,modela ni na seznamu
Mercedes-Benz,190
Mercedes-Benz,W123
Mercedes-Benz,AMG GT (vsi)
Mercedes-Benz,AMG GT Coupe
Mercedes-Benz,AMG GT Roadster
Mercedes-Benz,AMG GT 4-vratni Coupe
Mercedes-Benz,AMG One
Mercedes-Benz,A-Razred
Mercedes-Benz,B-Razred
Mercedes-Benz,C-Razred
Mercedes-Benz,Citan
Mercedes-Benz,CL-Razred
Mercedes-Benz,CLA-Razred (vsi)
Mercedes-Benz,CLA-Razred
Mercedes-Benz,CLA Shooting Brake
Mercedes-Benz,CLC-Razred
Mercedes-Benz,CLE-Razred
Mercedes-Benz,CLK-Razred
Mercedes-Benz,CLS-Razred (vsi)
Mercedes-Benz,CLS-Razred
Mercedes-Benz,CLS Shooting Brake
Mercedes-Benz,E-Razred
Mercedes-Benz,EQA
Mercedes-Benz,EQB
Mercedes-Benz,EQC
Mercedes-Benz,EQE
Mercedes-Benz,EQE SUV
Mercedes-Benz,EQS
Mercedes-Benz,EQS SUV
Mercedes-Benz,EQV
Mercedes-Benz,G-Razred
Mercedes-Benz,GL-Razred
Mercedes-Benz,GLA-Razred
Mercedes-Benz,GLB-Razred
Mercedes-Benz,GLC-Razred
Mercedes-Benz,GLC coupe
Mercedes-Benz,GLE-Razred
Mercedes-Benz,GLE coupe
Mercedes-Benz,GLK-Razred
Mercedes-Benz,GLS-Razred
Mercedes-Benz,ML-Razred
Mercedes-Benz,R-Razred
Mercedes-Benz,S-Razred
Mercedes-Benz,SL-Razred
Mercedes-Benz,SLC-Razred
Mercedes-Benz,SLS AMG
Mercedes-Benz,SLK-Razred
Mercedes-Benz,SLR-Razred
Mercedes-Benz,T-Razred
Mercedes-Benz,V-Razred
Mercedes-Benz,X-Razred
Mercedes-Benz,Vaneo
Mercedes-Benz,Viano
Mercedes-Benz,Vito
Mercedes-Benz,modela ni na seznamu
Opel,Adam
Opel,Agila
Opel,Ampera
Opel,Antara
Opel,Ascona
Opel,Astra
Opel,Calibra
Opel,Campo
Opel,Cascada
Opel,Combo
Opel,Commodore
Opel,Corsa
Opel,Crossland (vsi)
Opel,Crossland
Opel,Crossland X
Opel,Diplomat
Opel,Frontera
Opel,Grandland (vsi)
Opel,Grandland
Opel,Grandland X
Opel,GT
Opel,Insignia
Opel,Kadett
Opel,Karl
Opel,Manta
Opel,Meriva
Opel,Mokka (vsi)
Opel,Mokka
Opel,Mokka X
Opel,Monterey
Opel,Monza
Opel,Olympia
Opel,Omega
Opel,Rekord
Opel,Rocks-e
Opel,Senator
Opel,Signum
Opel,Sintra
Opel,Speedster
Opel,Tigra
Opel,Vectra
Opel,Zafira
Opel,modela ni na seznamu
Peugeot,104
Peugeot,106
Peugeot,107
Peugeot,108
Peugeot,1007
Peugeot,204
Peugeot,205
Peugeot,206
Peugeot,207
Peugeot,208
Peugeot,2008
Peugeot,301
Peugeot,304
Peugeot,305
Peugeot,306
Peugeot,307
Peugeot,308
Peugeot,309
Peugeot,3008
Peugeot,E-3008
Peugeot,404
Peugeot,405
Peugeot,406
Peugeot,407
Peugeot,408
Peugeot,4007
Peugeot,4008
Peugeot,504
Peugeot,505
Peugeot,508
Peugeot,5008
Peugeot,E-5008
Peugeot,604
Peugeot,605
Peugeot,607
Peugeot,806
Peugeot,807
Peugeot,Bipper
Peugeot,Expert
Peugeot,iOn
Peugeot,Partner
Peugeot,Pick Up
Peugeot,RCZ
Peugeot,Rifter
Peugeot,Traveller
Peugeot,modela ni na seznamu
Renault,R 4
Renault,R 5
Renault,R 5 E-Tech
Renault,R 8
Renault,R 9
Renault,R 10
Renault,R 11
Renault,R 12
Renault,R 14
Renault,R 16
Renault,R 18
Renault,R 19
Renault,R 20
Renault,R 21
Renault,R 25
Renault,R 30
Renault,Alaskan
Renault,Alpine
Renault,Arkana
Renault,Austral
Renault,Avantime
Renault,Captur
Renault,Clio
Renault,Espace (vsi)
Renault,Espace
Renault,Grand Espace
Renault,Fluence
Renault,Fuego
Renault,Kadjar
Renault,Kangoo
Renault,Kangoo
Renault,Kangoo
Renault,Koleos
Renault,Laguna
Renault,Latitude
Renault,Megane
Renault,Megane Conquest
Renault,Megane E-Tech
Renault,Modus
Renault,Grand Modus
Renault,Rafale
Renault,Safrane
Renault,Scenic (vsi)
Renault,Scenic
Renault,Grand Scenic
Renault,Scenic E-Tech
Renault,Sport Spider
Renault,Talisman
Renault,Thalia
Renault,Twingo
Renault,Twizy
Renault,Vel Satis
Renault,Wind
Renault,Zoe
Renault,modela ni na seznamu
�koda,S 105
�koda,S 120
�koda,Citigo
�koda,Enyaq IV
�koda,Fabia
�koda,Favorit
�koda,Felicia
�koda,Forman
�koda,Kamiq
�koda,Karoq
�koda,Kodiaq
�koda,Octavia
�koda,Rapid
�koda,Roomster
�koda,Scala
�koda,Superb
�koda,Yeti
�koda,modela ni na seznamu
Volkswagen,Amarok
Volkswagen,Arteon (vsi)
Volkswagen,Arteon
Volkswagen,Arteon Shooting Brake
Volkswagen,Beetle
Volkswagen,Bora
Volkswagen,Buggy
Volkswagen,Caddy
Volkswagen,California
Volkswagen,Caravelle
Volkswagen,CC
Volkswagen,Corrado
Volkswagen,Derby
Volkswagen,Eos
Volkswagen,Fox
Volkswagen,Golf (vsi)
Volkswagen,Golf
Volkswagen,Golf Variant
Volkswagen,Golf Plus
Volkswagen,Golf Sportsvan
Volkswagen,Crossgolf
